{"accuracy": 0.968503937007874, "precision": 0.9756838905775076, "recall": 0.816793893129771, "f1": 0.889196675900277}